number,name
264200,"""Emily"""
264201,"""Sarah"""
264202,"""Michael"""
264203,"""Daniel"""
264204,"""Sophia"""
264205,"""Sarah"""
264206,"""Olivia"""
264207,"""Michael"""
264208,"""Olivia"""
264209,"""John"""
264210,"""John"""
264211,"""John"""
264212,"""Daniel"""
264213,"""Emily"""
264214,"""Emma"""
264215,"""Emma"""
264216,"""Daniel"""
264217,"""John"""
264218,"""Sarah"""
264219,"""Olivia"""
264220,"""Sarah"""
264221,"""James"""
264222,"""Sophia"""
264223,"""Emily"""
264224,"""Sophia"""
264225,"""David"""
264226,"""John"""
264227,"""John"""
264228,"""Emma"""
264229,"""James"""
264230,"""Olivia"""
264231,"""Sarah"""
264232,"""James"""
264233,"""Emily"""
264234,"""Sophia"""
264235,"""Sarah"""
264236,"""David"""
264237,"""Daniel"""
264238,"""Michael"""
264239,"""James"""
264240,"""David"""
264241,"""Michael"""
264242,"""David"""
264243,"""Michael"""
264244,"""Emma"""
264245,"""Sarah"""
264246,"""David"""
264247,"""Emma"""
264248,"""Michael"""
264249,"""Sarah"""
264250,"""Emily"""
264251,"""James"""
264252,"""James"""
264253,"""John"""
264254,"""Olivia"""
264255,"""James"""
264256,"""Daniel"""
264257,"""Daniel"""
264258,"""John"""
264259,"""Daniel"""
264260,"""Sophia"""
264261,"""Daniel"""
264262,"""John"""
264263,"""Emma"""
264264,"""Sophia"""
264265,"""David"""
264266,"""James"""
264267,"""Sophia"""
264268,"""Emma"""
264269,"""David"""
264270,"""Daniel"""
264271,"""Olivia"""
264272,"""Emily"""
264273,"""Daniel"""
264274,"""Emma"""
264275,"""Sophia"""
264276,"""John"""
264277,"""Michael"""
264278,"""Sophia"""
264279,"""David"""
264280,"""Emma"""
264281,"""Daniel"""
264282,"""Daniel"""
264283,"""Emma"""
264284,"""Daniel"""
264285,"""Emma"""
264286,"""James"""
264287,"""Emma"""
264288,"""John"""
264289,"""David"""
264290,"""Emma"""
264291,"""Daniel"""
264292,"""Sarah"""
264293,"""Michael"""
264294,"""Daniel"""
264295,"""Sophia"""
264296,"""David"""
264297,"""David"""
264298,"""Michael"""
264299,"""Olivia"""
264300,"""Daniel"""
264301,"""Emma"""
264302,"""Olivia"""
264303,"""Emma"""
264304,"""Daniel"""
264305,"""Olivia"""
264306,"""Sophia"""
264307,"""Sophia"""
264308,"""Michael"""
264309,"""Olivia"""
264310,"""David"""
264311,"""Michael"""
264312,"""Olivia"""
264313,"""Olivia"""
264314,"""Olivia"""
264315,"""Emma"""
264316,"""Sophia"""
264317,"""Daniel"""
264318,"""Olivia"""
264319,"""Michael"""
264320,"""Emily"""
264321,"""Emily"""
264322,"""Emma"""
264323,"""James"""
264324,"""James"""
264325,"""Emily"""
264326,"""Sophia"""
264327,"""Sophia"""
264328,"""Olivia"""
264329,"""Michael"""
264330,"""Emily"""
264331,"""David"""
264332,"""Emily"""
264333,"""James"""
264334,"""Olivia"""
264335,"""Sophia"""
264336,"""Daniel"""
264337,"""Emily"""
264338,"""James"""
264339,"""Emily"""
264340,"""Sarah"""
264341,"""David"""
264342,"""Michael"""
264343,"""Sarah"""
264344,"""Emily"""
264345,"""James"""
264346,"""Olivia"""
264347,"""Michael"""
264348,"""Sarah"""
264349,"""John"""
